SnomedCTConceptId,SnomedCTDescriptionId,Term,FSN/Preferred (1),Body region,,,,,,
1003721002,4165338015,Pain of joint of knee,1,KNE,,,,,,
1003722009,4165340013,Pain of knee region,1,KNE,,,,,,
10085004,3006119014,Pain in ball of foot,,FOT,,,,,,
10085004,17599011,Metatarsalgia,1,FOT,,,,,,
102556003,251425018,Pain in upper limb,1,ARM,,,,,,
102556003,251426017,Pain of upper limb,,ARM,,,,,,
102556003,165844010,Pain in arm,,ARM,,,,,,
102556003,165844010,Arm pain,,ARM,,,,,,
102556003,990211000006113,Pain in right arm,,ARM,,,,,,
102556003,990201000006110,Pain in left arm,,ARM,,,,,,
102570003,165874019,Groin pain,,HIP/LEG ,,,,,,
102570003,165873013,Inguinal pain,,HIP/LEG ,,,,,,
103014001,166499019,Cervical nerve root pain,1,NCK,,,,,,
10380004,2920733013,Crush injury to finger,,FTB,,,,,,
10380004,18067011,Crushing injury of finger,1,FTB,,,,,,
10380004,1219026016,Crush injury of finger,,FTB,,,,,,
105606008,169727012,Injury of musculoskeletal system,1,UNS,,,,,,
105606008,1219132011,Musculoskeletal injury,,UNS,,,,,,
10601006,297707010,Pain in lower limb,1,LEG,,,,,,
10601006,990221000006117,Pain in left leg,,LEG,,,,,,
10601006,18423015,Pain in leg,,LEG,,,,,,
10601006,990231000006119,Pain in right leg,,LEG,,,,,,
1088071000000108,2725761000000117,Pain in upper arm,1,ARM,,,,,,
11049006,19154019,Cervical radiculitis,1,NCK,,,,,,
11049006,19155018,Radicular syndrome of upper limbs,,NCK,,,,,,
111222003,890051000006112,Derangement of medial meniscus,1,KNE,,,,,,
111222003,2920774013,Derangement medial meniscus,,KNE,,,,,,
111222003,178446015,Derangement of medial meniscus,1,KNE,,,,,,
111243002,1219619017,Bursitis of knee region,,KNE,,,,,,
111243002,178461019,Bursitis of knee,1,KNE,,,,,,
111640008,178867012,Closed fracture of radius,1,ARM,,,,,,
1126007,374368015,Knee locking,1,KNE,,,,,,
1126007,2968012,Locked knee,,KNE,,,,,,
11654001,20135010,Achilles tendinitis,1,ANK/LEG,,,,,,
11654001,2920642012,Achilles tendonitis,,ANK/LEG,,,,,,
118952005,1220426016,Joint observation,,UNS,,,,,,
118952005,179161017,Joint finding,1,UNS,,,,,,
122481008,178476010,Hammer toe,1,TOE,,,,,,
123536004,205205015,Sprain of upper extremity,1,ARM/SHD,,,,,,
123536004,1220662014,Sprain of ligament of upper limb,,ARM/SHD,,,,,,
123536004,4353031000006112,Sprain of upper extremity,1,ARM/SHD,,,,,,
123536004,3694316018,Sprain of shoulder and upper arm,,ARM/SHD,,,,,,
12519004,21525015,Sprain of sacroiliac ligament,1,BCK/HIP,,,,,,
12519004,990181000006114,Sacroiliac sprain,,BCK/HIP,,,,,,
12519004,473485010,SIJ - Sprain of ligament of sacroiliac joint,,BCK/HIP,,,,,,
12519004,473481018,Sprain of ligament of sacroiliac joint,,BCK/HIP,,,,,,
12519004,473483015,SIJ - Sprain of sacroiliac joint,,BCK/HIP,,,,,,
12519004,21525015,Other specified sacroiliac sprains,,BCK/HIP,,,,,,
12519004,473482013,Sacroiliac sprain,,BCK/HIP,,,,,,
12519004,473484014,Sprain of sacroiliac joint,,BCK/HIP,,,,,,
125594001,2119631000000115,Shoulder injury,,SHD,,,,,,
125594001,194082018,Injury of shoulder region,1,SHD,,,,,,
125596004,1220714010,Elbow injury,,ELB,,,,,,
125596004,194084017,Injury of elbow,1,ELB,,,,,,
125597008,194085016,Injury of forearm,1,ARM,,,,,,
125597008,1220715011,Forearm injury,,ARM,,,,,,
125598003,1220716012,Wrist injury,,WRT,,,,,,
125598003,194086015,Injury of wrist,1,WRT,,,,,,
125599006,194087012,Injury of hand,1,HND,,,,,,
125599006,1220717015,Hand injury,,HND,,,,,,
125600009,1220718013,Hip injury,,HIP,,,,,,
125600009,194088019,Injury of hip region,1,HIP,,,,,,
125601008,194089010,Injury of knee,1,KNE,,,,,,
125601008,1220719017,Knee injury,,KNE,,,,,,
125602001,194090018,Injury of lower leg,1,LEG,,,,,,
125603006,194091019,Injury of ankle,1,ANK ,,,,,,
125603006,1220720011,Ankle injury,,ANK ,,,,,,
125604000,1220721010,Foot injury,,FOT,,,,,,
125604000,194092014,Injury of foot,1,FOT,,,,,,
125605004,895241000006111,#Facial bones NOS,,UNS,,,,,,
125605004,473535015,Broken bone,,UNS,,,,,,
125605004,194093016,Fracture of bone,1,UNS,,,,,,
125605004,473534016,Fracture,,UNS,,,,,,
125606003,1220722015,Fracture of neck,,NCK,,,,,,
125606003,194094010,Fracture of cervical spine,1,NCK,,,,,,
125606003,205203010,Fracture of cervical vertebra,,NCK,,,,,,
125607007,194095011,Fracture of thoracic spine,1,TXS,,,,,,
125607007,1220723013,Fracture of thoracic vertebra,,TXS,,,,,,
125608002,1220724019,Fracture of lumbar vertebra,,BCK,,,,,,
125608002,194096012,Fracture of lumbar spine,1,BCK,,,,,,
12584003,21634019,Osteodynia,,UNS,,,,,,
12584003,21633013,Bone pain,1,UNS,,,,,,
12676007,21770014,"Open fracture of radius (alone), unspecified",,WRT/ARM,,,,,,
12676007,21770014,Fracture of radius,1,WRT/ARM,,,,,,
127278005,474089016,Injury of upper limb,,ARM,,,,,,
127278005,566013,Injury of upper extremity,1,ARM,,,,,,
127278005,474090013,Arm injury,,ARM,,,,,,
127279002,474092017,Injury of lower limb,,HIP,,,,,,
127279002,567016,Injury of lower extremity,1,HIP,,,,,,
129179000,207905012,Pelvic outlet syndrome,,HIP/BCK,,,,,,
129179000,1839161000006111,Piriformis syndrome,1,HIP/BCK,,,,,,
129179000,207904011,Piriformis syndrome,1,HIP/BCK,,,,,,
134407002,216213018,Chronic back pain,1,BCK,,,,,,
135897006,216670017,Salter-Harris type II,1,UNS,,,,,,
135897006,2923593012,"Epiphyseal fracture, Salter-Harris Type II",,UNS,,,,,,
135897006,216669018,[Q] Salter-Harris II,,UNS,,,,,,
13695006,23369015,Fracture of pubic rami,1,HIP,,,,,,
1539003,1221190015,Triggering of finger,,FTB,,,,,,
1539003,3676015,Acquired trigger finger,1,FTB,,,,,,
1539003,1221189012,Nodular tendinous disease of finger,,FTB,,,,,,
1539003,1221191016,Trigger finger,,FTB,,,,,,
157265008,896001000006110,Dislocated hip,,HIP,,,,,,
157265008,245501010,Dislocation of hip joint,1,HIP,,,,,,
157266009,245502015,Dislocation of knee joint,1,KNE,,,,,,
16114001,27273018,"Fracture of ankle, NOS",,ANK ,,,,,,
16114001,895811000006111,#Ankle - trimalleolar,,ANK ,,,,,,
16114001,895841000006110,#Ankle - medial malleolus,,ANK ,,,,,,
16114001,895861000006114,Fracture Left Ankle,,ANK ,,,,,,
16114001,477648014,Ankle fracture,,ANK ,,,,,,
16114001,27272011,Fracture of ankle,1,ANK ,,,,,,
16114001,477647016,Fracture of distal end of tibia and fibula,,ANK ,,,,,,
16114001,991041000006113,#Ankle - NOS,,ANK ,,,,,,
16114001,895821000006115,#Ankle - bimalleolar - Potts #,,ANK ,,,,,,
16114001,895851000006112,#Ankle,,ANK ,,,,,,
16114001,895831000006117,#Ankle - lateral malleolus,,ANK ,,,,,,
161880003,252294013,Stiff neck symptom,1,NCK,,,,,,
161882006,252296010,Stiff neck,1,NCK,,,,,,
161882006,252298011,Neck stiffness,,NCK,,,,,,
161882006,2475502016,Crick in neck,,NCK,,,,,,
161882006,252297018,NS - Neck stiffness,,NCK,,,,,,
161891005,252311015,Backache,1,BCK,,,,,,
161891005,2646369016,Pain in back,,BCK,,,,,,
161891005,2646370015,Back pain,,BCK,,,,,,
161891005,2579111012,Back ache,,BCK,,,,,,
161892003,252312010,Backache with radiation,1,BCK,,,,,,
161894002,252314011,C/O - low back pain,,BCK,,,,,,
161894002,2666190013,Complaining of low back pain,1,BCK,,,,,,
161894002,2579112017,C/O - lumbar pain,,BCK,,,,,,
161896000,252316013,C/O - upper back ache,,TXS/BCK,,,,,,
161896000,2666184014,Complaining of upper back ache,1,TXS/BCK,,,,,,
162411004,2666969016,Complaining of stiffness,1,UNS,,,,,,
162411004,253258016,C/O: stiffness,,UNS,,,,,,
162429009,253291013,Symptom: upper limb,1,ARM,,,,,,
162429009,253292018,C/O - upper limb symptom,,ARM,,,,,,
16250001000004107,3047594015,Fracture of shoulder,1,SHD,,,,,,
164539000,256029019,O/E - joint movement painful,1,UNS,,,,,,
164539000,2667637018,On examination - joint movement painful,,UNS,,,,,,
17059001,28870010,Prepatellar bursitis,1,KNE,,,,,,
17059001,3528942013,Beat knee,,KNE,,,,,,
17222009,29115016,Closed fracture of distal end of radius,1,WRT,,,,,,
17222009,29118019,Closed fracture of lower end of radius,,WRT,,,,,,
17883008,1494890011,Sprain of hip and thigh,,HIP,,,,,,
17883008,1494891010,Thigh sprain,,HIP,,,,,,
17883008,30206017,Sprain of hip,1,HIP,,,,,,
17883008,896261000006115,Sprained thigh - upper leg,,HIP,,,,,,
17883008,896271000006110,Sprained hip,,HIP,,,,,,
17883008,1221607010,Hip sprain,,HIP,,,,,,
17883008,1221606018,Sprain of hip joint,,HIP,,,,,,
18171007,478502010,Finger fracture,,FTB,,,,,,
18171007,30693010,Fracture of finger,,FTB,,,,,,
18171007,30690013,Fracture of phalanx of finger,1,FTB,,,,,,
18347007,30977016,Spinal stenosis of lumbar region,1,BCK,,,,,,
18347007,30978014,Lumbar spinal stenosis,1,BCK,,,,,,
18876004,31828016,Finger pain,,FTB,,,,,,
18876004,31827014,Pain in finger,1,FTB,,,,,,
19660004,1222341010,Soft tissue disorder,,UNS,,,,,,
19660004,33099011,Disorder of soft tissue,1,UNS,,,,,,
19660004,1222341010,Other soft tissue disorders,,UNS,,,,,,
19660004,1222341010,[X]Other soft tissue disorders,,UNS,,,,,,
201819000,309860012,Generalised osteoarthritis NOS,,MSW,,,,,,
201819000,309855013,GOA - Generalized osteoarthritis,,MSW,,,,,,
201819000,309856014,Generalized osteoarthritis,,MSW,,,,,,
201819000,309857017,Generalized osteoarthrosis,,MSW,,,,,,
201819000,309861011,GOA - Generalised osteoarthritis,,MSW,,,,,,
201819000,309860012,Generalised osteoarthritis,,MSW,,,,,,
201819000,309854012,Polyarticular osteoarthritis,,MSW,,,,,,
201819000,309859019,Generalised osteoarthrosis,,MSW,,,,,,
201819000,309858010,Degenerative joint disease involving multiple joints,1,MSW,,,,,,
201819000,889861000006112,Osteoarthritis -multiple joint,,MSW,,,,,,
201837004,309898012,"Localised, primary osteoarthritis of the ankle and foot",,ANK/FOT,,,,,,
201837004,2695869015,Primary localised osteoarthrosis of ankle AND/OR foot,,ANK/FOT,,,,,,
201837004,309897019,"Localized, primary osteoarthritis of the ankle and foot",,ANK/FOT,,,,,,
201837004,1477382017,"Localized, primary osteoarthritis of the ankle and/or foot",,ANK/FOT,,,,,,
201837004,1476420018,"Localised, primary osteoarthritis of the ankle and/or foot",,ANK/FOT,,,,,,
201837004,2692688016,Primary localized osteoarthrosis of ankle AND/OR foot,,ANK/FOT,,,,,,
202031002,310159018,Generalised arthritis,1,MSW,,,,,,
202031002,310158014,Generalized arthritis,,MSW,,,,,,
202246002,310455016,Recurrent dislocation of the patella,,KNE,,,,,,
202246002,310454017,Recurrent dislocation of the patellofemoral joint,1,KNE,,,,,,
202336002,310577019,Acetabular labrum tear,1,SHD,,,,,,
202336002,310578012,Tear of the acetabular labrum,,SHD,,,,,,
202381003,310640019,Effusion of knee,,KNE,,,,,,
202381003,310639016,Knee joint effusion,1,KNE,,,,,,
202381003,989461000006115,Effusion - knee joint,,KNE,,,,,,
202472008,310803013,Hand joint pain,1,HND,,,,,,
202472008,310802015,Arthralgia of the hand,,HND,,,,,,
202479004,310820012,Acromioclavicular joint pain,1,SHD,,,,,,
202479004,310819018,Arthralgia of acromioclavicular joint,,SHD,,,,,,
202480001,310821011,Elbow joint pain,1,ELB,,,,,,
202480001,310822016,Arthralgia of elbow,,ELB,,,,,,
202480001,310821011,Elbow joint pain,1,ELB,,,,,,
202482009,310825019,Wrist joint pain,1,WRT,,,,,,
202482009,310826018,Arthralgia of wrist,,WRT,,,,,,
202487003,310834012,Sacroiliac joint pain,1,BCK/HIP,,,,,,
202487003,310835013,Arthralgia of sacroiliac joint,,BCK/HIP,,,,,,
202490009,310839019,Arthralgia of ankle,,ANK ,,,,,,
202490009,310840017,Ankle joint pain,1,ANK ,,,,,,
202596000,310982017,Clicking joint,1,UNS,,,,,,
202606004,310992013,Clicking hip,1,HIP,,,,,,
202609006,310995010,Clicking knee,1,KNE,,,,,,
202664003,311064012,Cervical myelopathy,1,NCK,,,,,,
202683005,311092019,Cervical spondylosis with root compression,,NCK,,,,,,
202683005,311091014,Cervical spondylosis with radiculopathy,1,NCK,,,,,,
202693003,311106014,Lumbosacral spondylosis with radiculopathy,1,BCK,,,,,,
202708005,890891000006110,Lumbar disc lesion - displaced,,BCK,,,,,,
202708005,890901000006114,Prolapsed Lumbar I.V.D,,BCK,,,,,,
202708005,2402821000000112,Lumber disc bulge,,BCK,,,,,,
202708005,311132015,Lumbar disc displacement,,BCK,,,,,,
202708005,311132015,Prolapsed lumbar intervertebral disc,1,BCK,,,,,,
202732003,311163016,Disc prolapse with radiculopathy,1,SPN,,,,,,
202733008,311164010,Cervical disc prolapse with radiculopathy,1,NCK,,,,,,
202733008,311165011,Cervical disc prolapse with root compression,,NCK,,,,,,
202735001,311169017,Lumbar disc prolapse with root compression,,BCK,,,,,,
202735001,311168013,Lumbar disc prolapse with radiculopathy,1,BCK,,,,,,
202752002,2475647012,Discitis of lumbar region,,BCK,,,,,,
202752002,311186011,Lumbar discitis,1,BCK,,,,,,
202757008,311191012,Cervical disc disorder with radiculopathy,1,NCK,,,,,,
202788007,311238011,Degenerative lumbar spinal stenosis,1,BCK,,,,,,
202794004,311252013,Lumbago with sciatica,1,BCK,,,,,,
202805003,311272015,Sacroiliac disorder,1,BCK/HIP,,,,,,
202805003,3035626015,Arthropathy of sacroiliac joint,,BCK/HIP,,,,,,
202841003,311325017,Supraspinatus tendinitis,1,SHD,,,,,,
202842005,311326016,Partial thickness rotator cuff tear,1,SHD,,,,,,
202843000,311327013,Full thickness rotator cuff tear,1,SHD,,,,,,
202843000,2535869019,Complete rupture of rotator cuff,,SHD,,,,,,
202849001,311336012,Subacromial impingement,1,SHD,,,,,,
202855006,311343018,Tennis elbow,,ELB,,,,,,
202855006,311344012,Lateral epicondylitis of elbow,,ELB,,,,,,
202855006,311342011,Lateral epicondylitis,1,ELB,,,,,,
202855006,891041000006116,Tennis elbow - epicondylitis,,ELB,,,,,,
202856007,311346014,Bicipital tendinitis,,ARM,,,,,,
202856007,311345013,Biceps tendinitis,1,ARM,,,,,,
202863007,311354011,Tendonitis adductor,,HIP,,,,,,
202863007,311353017,Adductor tendinitis,1,HIP,,,,,,
202881005,311384015,Tibialis posterior tendinitis,1,LEG,,,,,,
202882003,311385019,Plantar fasciitis,1,FOT,,,,,,
202882003,311386018,Policeman's heel,,FOT,,,,,,
202888004,311394013,Anterior shin splints,1,LEG,,,,,,
202900007,311416012,[X]Other synovitis and tenosynovitis,,UNS,,,,,,
202900007,891131000006110,Synovitis/tenosynovitis,,UNS,,,,,,
202900007,311416012,Synovitis and tenosynovitis,1,UNS,,,,,,
202914007,311445014,Extensor tenosynovitis of wrist,1,WRT,,,,,,
202916009,311447018,Extensor tenosynovitis of thumb,1,FTB,,,,,,
202936005,311473011,"Ganglion and cyst of synovium, tendon and bursa",1,UNS,,,,,,
202936005,891251000006111,Ganglion/synov.cyst - knee,,UNS,,,,,,
202936005,891261000006113,Ganglion/synov.cyst - hip,,UNS,,,,,,
202936005,891291000006117,Ganglion/synov.cyst - elbow,,UNS,,,,,,
202936005,891311000006118,Ganglion/synov.cyst - multiple,,UNS,,,,,,
202936005,891321000006114,ganglion,,UNS,,,,,,
202936005,311474017,"Ganglion and cyst of synovium, tendon and bursa",1,UNS,,,,,,
202936005,891281000006115,Ganglion/synov.cyst - wrist,,UNS,,,,,,
202936005,311473011,Ganglion and synovial cyst,,UNS,,,,,,
202936005,891271000006118,Ganglion/synov.cyst - hand,,UNS,,,,,,
202936005,891241000006114,Ganglion/synov.cyst-ankle/foot,,UNS,,,,,,
202936005,891301000006116,Ganglion/synov.cyst - shoulder,,UNS,,,,,,
202942009,311482017,Ganglion of wrist,1,WRT,,,,,,
202942009,2920530014,Ganglion cyst of wrist,,WRT,,,,,,
202942009,990411000006114,Ganglion/synov.cyst - wrist,,WRT,,,,,,
203045001,311622011,Dupuytren's disease of palm,1,HND,,,,,,
203045001,2475648019,Palmar fibromatosis,,HND,,,,,,
203045001,2475649010,Palmar fascial fibromatosis,,HND,,,,,,
203045001,2840256012,Dupuytren disease of palm,,HND,,,,,,
203082005,311662010,Fibromyalgia,1,MSW,,,,,,
203095000,311681019,Spasm of back muscles,1,BCK,,,,,,
203131005,311744014,Tender heel pad,1,FOT,,,,,,
203509009,312238013,Clavicle pain,1,SHD,,,,,,
203534009,312268016,Acquired pes planus,1,FOT,,,,,,
203534009,312268016,Talipes planus - acquired,,FOT,,,,,,
203601000,312358011,Acquired unequal leg length,1,LEG,,,,,,
203638000,312419019,Kyphoscoliosis and scoliosis,1,TXS/BCK,,,,,,
203638000,892671000006111,Kyphoscoliosis/scoliosis-acqu.,,TXS/BCK,,,,,,
203639008,312420013,Idiopathic scoliosis,1,BCK,,,,,,
203645000,312427011,Compensatory scoliosis,,BCK,,,,,,
203645000,312426019,Postural scoliosis,1,BCK,,,,,,
203681002,312465016,Acquired spondylolisthesis,1,BCK,,,,,,
20511007,34514019,Fracture of hand bone,,HND,,,,,,
20511007,34511010,Fracture of hand,1,HND,,,,,,
20511007,480728016,Fracture of bone of hand,,HND,,,,,,
207940009,318437014,"Closed fracture thoracic vertebra, wedge",,TXS,,,,,,
207957008,895291000006119,#Lumbar spine - no cord lesion,,BCK,,,,,,
207957008,318454018,Closed fracture lumbar vertebra,1,BCK,,,,,,
207959006,318456016,"Closed fracture lumbar vertebra, wedge",1,BCK,,,,,,
208145002,318654011,Fracture or disruption of pelvis,1,HIP,,,,,,
208165009,318674016,"Closed fracture pelvis, single pubic ramus",,HIP,,,,,,
208166005,318675015,Closed fracture pelvis multiple pubic rami - stable,1,HIP,,,,,,
208240004,318751013,"Closed fracture proximal humerus, neck",,ARM/SHD,,,,,,
208242007,318753011,"Closed fracture proximal humerus, greater tuberosity",1,ARM,,,,,,
208294009,318815013,"Closed fracture olecranon, extra-articular",1,ELB,,,,,,
208325003,318857019,Closed fracture radial styloid,1,WRT,,,,,,
208388003,318936014,Fracture at wrist and hand level,,WRT/HND,,,,,,
208388003,1489807015,Fracture at wrist and/or hand level,1,WRT/HND,,,,,,
208393000,318941018,Fracture of metacarpal bone,1,WRT/HND,,,,,,
208393000,318943015,Hand fracture - metacarpal bone,,WRT/HND,,,,,,
208393000,989511000006117,#Metacarpal bone NOS,,WRT/HND,,,,,,
208393000,895621000006119,#Metacarpal bones,,WRT/HND,,,,,,
208393000,318942013,Fracture of metacarpus,,WRT/HND,,,,,,
208394006,318944014,Closed fracture of metacarpal bone(s),,HND,,,,,,
208394006,2837251018,Closed fracture of metacarpal bone,1,HND,,,,,,
208399001,318949016,Closed fracture finger metacarpal neck,1,HND,,,,,,
208401007,318951017,Closed fracture finger metacarpal,1,HND,,,,,,
208430000,895661000006113,#Phalanx of thumb,,FTB,,,,,,
208430000,895671000006118,#Phalanx of finger,,FTB,,,,,,
208430000,318985016,Closed fracture of one or more phalanges of hand,1,FTB,,,,,,
208444006,318999017,Closed fracture finger proximal phalanx,1,FTB,,,,,,
208450001,319005013,Closed fracture finger middle phalanx,1,FTB,,,,,,
208634001,319227014,Closed fracture distal tibia,1,LEG,,,,,,
208687001,319296011,Closed fracture metatarsal base,1,FOT,,,,,,
208710000,319319019,"Closed fracture proximal phalanx, toe",1,TOE,,,,,,
208712008,319321012,"Closed fracture distal phalanx, toe",1,TOE,,,,,,
208719004,319328018,Fracture of great toe,1,TOE,,,,,,
2089002,4596013,Paget's disease of bone,1,UNS,,,,,,
2089002,4595012,Osteitis deformans,,UNS,,,,,,
2089002,892311000006114,Osteitis deformans - Paget's,,UNS,,,,,,
2089002,2920950017,Pagets disease of bone,,UNS,,,,,,
208916003,319560013,"Acute meniscal tear, medial, posterior horn",,KNE,,,,,,
208921000,319565015,"Acute meniscal tear, lateral",,KNE,,,,,,
208921000,896031000006119,Disl.knee + lat. meniscus tear,,KNE,,,,,,
209238002,319934016,Closed fracture dislocation shoulder joint,1,SHD,,,,,,
209354002,320052014,Closed fracture dislocation foot,1,FOT,,,,,,
209409002,320110018,Sprains and strains of joints and adjacent muscles,1,UNS,,,,,,
209409002,896171000006115,Dislocations/sprains/strains,,UNS,,,,,,
209436000,320145014,Sprain of wrist and hand,,WRT/HND,,,,,,
209436000,1489813012,Sprain of wrist and/or hand,1,WRT/HND,,,,,,
209436000,896221000006114,Sprain - hand,,WRT/HND,,,,,,
209436000,896231000006112,Sprain - wrist,,WRT/HND,,,,,,
209520004,320247010,"Partial tear, knee, anterior cruciate ligament",,KNE,,,,,,
209529003,320258018,Sprain of ankle and foot,,ANK/FOT,,,,,,
209529003,1489814018,Sprain of ankle and/or foot,1,ANK/FOT,,,,,,
209532000,320262012,"Sprain, ankle joint, lateral",1,ANK ,,,,,,
209557005,320295018,Neck sprain,1,NCK,,,,,,
209557005,896411000006117,Sprained neck,,NCK,,,,,,
209557005,2475706016,Cervical sprain,,NCK,,,,,,
209565008,320307018,Lumbar sprain,1,BCK,,,,,,
209565008,320308011,Lumbar back sprain,,BCK,,,,,,
209574005,320319014,Pulled back muscle,1,BCK,,,,,,
209629006,320377019,"Complete tear, knee, anterior cruciate ligament",,KNE,,,,,,
209812006,896501000006119,Sprained symphisis pubis,,HIP,,,,,,
209812006,2475708015,Sprain of symphysis pubis,,HIP,,,,,,
209812006,320569019,"Sprain, symphysis pubis",1,HIP,,,,,,
21351003,895901000006119,#Phalanges of foot - toe,,TOE,,,,,,
21351003,35860018,Fracture of phalanx of foot,1,TOE,,,,,,
21351003,2956777012,Fracture of phalanx of toe,,TOE,,,,,,
21351003,1222629012,Toe fracture,,TOE,,,,,,
21351003,35863016,Fracture of toe,,TOE,,,,,,
21698002,36405012,Open fracture of phalanx of finger,1,FTB,,,,,,
21698002,36408014,Open fracture of finger,,FTB,,,,,,
21794005,36573015,de Quervain's disease,,WRT,,,,,,
21794005,36572013,Radial styloid tenosynovitis,1,WRT,,,,,,
221695002,334283017,Achilles bursitis,1,ANK/FOT,,,,,,
221695002,334284011,Achillobursitis,,ANK/FOT,,,,,,
221695002,334285012,Albert's syndrome,,ANK/FOT,,,,,,
221695002,334288014,Swediaur's disease,,ANK/FOT,,,,,,
221695002,2162241012,Capped hock,,ANK/FOT,,,,,,
221695002,3526422019,Bursitis of calcaneal tendon bursa,,ANK/FOT,,,,,,
22193007,37256012,Degenerative joint disease of hand,1,HND,,,,,,
22193007,1784870010,Osteoarthritis - hand joint,,HND,,,,,,
22193007,2871181018,Osteoarthrosis of hand,,HND,,,,,,
228158008,1222975018,Impaired walking,,UNS,,,,,,
228158008,342179011,Walking disability,,UNS,,,,,,
22817005,896351000006111,Sprain - Achilles tendon,,ANK/LEG,,,,,,
22817005,38304015,Strain of Achilles tendon,1,ANK/LEG,,,,,,
22878006,1222991015,"Contusion, knee",,KNE,,,,,,
22878006,38400013,Contusion of knee,1,KNE,,,,,,
22878006,1222992010,Superficial bruising of knee,,KNE,,,,,,
23056005,38729011,Sciatic neuralgia,,BCK/LEG,,,,,,
23056005,38728015,Neuralgia-neuritis of sciatic nerve,,BCK/LEG,,,,,,
23056005,1223030013,Sciatica neuralgia,,BCK/LEG,,,,,,
23056005,38727013,Sciatica,1,BCK/LEG,,,,,,
23382007,39246018,Stress fracture,1,UNS,,,,,,
23382007,1223079017,[Q] Stress fracture,,UNS,,,,,,
23382007,1223081015,Fatigue fracture,,UNS,,,,,,
23406007,1223089018,Arm fracture,,ARM,,,,,,
23406007,1223088014,Fracture of bone of upper limb,,ARM,,,,,,
23406007,39287017,Fracture of upper limb,1,ARM,,,,,,
23406007,39290011,Fracture of arm,,ARM,,,,,,
23482006,39426013,Avulsion fracture,1,UNS,,,,,,
23482006,1223103018,[Q] Avulsion,,UNS,,,,,,
235231000119100,3004523014,Bone spur,,UNS,,,,,,
235231000119100,3004408018,Osteophyte of bone,1,UNS,,,,,,
23680005,39756015,"[X]Other enthesopathies, not elsewhere classified",,UNS,,,,,,
23680005,39756015,Enthesopathy,1,UNS,,,,,,
239720000,359177015,Tear of cartilage of knee,,KNE,,,,,,
239720000,359179017,Torn meniscus,,KNE,,,,,,
239720000,359176012,Tear of meniscus of knee,1,KNE,,,,,,
239732001,359206015,Patellofemoral disorder,,KNE,,,,,,
239732001,359207012,Disorder of patellofemoral joint,1,KNE,,,,,,
239732001,359205016,PFJ - Patellofemoral joint disorder,,KNE,,,,,,
239733006,359209010,AKP - Anterior knee pain,,KNE,,,,,,
239733006,359208019,Anterior knee pain,1,KNE,,,,,,
239863005,1839121000006117,Osteoarthritis of spinal facet joint,1,SPN,,,,,,
239863005,2842018014,Degenerative arthropathy of spinal facet joint,,SPN,,,,,,
239863005,359402016,Osteoarthritis of spinal facet joint,1,SPN,,,,,,
239863005,2535940012,Degenerative joint disease of spinal facet joint,,SPN,,,,,,
239865003,1784933017,Degenerative joint disease of acromioclavicular joint,,SHD,,,,,,
239865003,359408017,Osteoarthritis of acromioclavicular joint,1,SHD,,,,,,
239865003,359407010,OA - Osteoarthritis of acromioclavicular joint,,SHD,,,,,,
239866002,2535941011,Degenerative joint disease of elbow,,ELB,,,,,,
239866002,359410015,OA - Osteoarthritis of elbow,,ELB,,,,,,
239866002,359409013,Osteoarthritis of elbow,1,ELB,,,,,,
239867006,359412011,Osteoarthritis of wrist,1,WRT,,,,,,
239867006,359411016,OA - Osteoarthritis of wrist,,WRT,,,,,,
239867006,1784935012,Degenerative joint disease of wrist,,WRT,,,,,,
239868001,359413018,OA - Osteoarthritis of joint of finger,,FTB,,,,,,
239868001,1784936013,Degenerative joint disease of finger,,FTB,,,,,,
239868001,359414012,Osteoarthritis of finger joint,1,FTB,,,,,,
239868001,2920945011,Osteoarthritis of finger,,FTB,,,,,,
239872002,1784940016,Degenerative joint disease of hip,,HIP,,,,,,
239872002,359419019,Osteoarthritis of hip,1,HIP,,,,,,
239872002,359418010,OA - Osteoarthritis of hip,,HIP,,,,,,
239873007,2912953014,Gonarthrosis,,KNE,,,,,,
239873007,359421012,OA - Osteoarthritis of knee,,KNE,,,,,,
239873007,1954201000006110,Osteoarthritis of knee,1,KNE,,,,,,
239873007,359420013,Osteoarthritis of knee,1,KNE,,,,,,
239873007,3447232019,Knee DJD (degenerative joint disease),,KNE,,,,,,
239873007,1784941017,Degenerative joint disease of knee,,KNE,,,,,,
239874001,359423010,Osteoarthritis of ankle,1,ANK ,,,,,,
239874001,1784943019,Degenerative joint disease of ankle,,ANK ,,,,,,
239874001,359422017,OA - Osteoarthritis of ankle,,ANK ,,,,,,
239877008,2983768015,Osteoarthritis of first metatarsophalangeal joint,1,FOT/TOE,,,,,,
239877008,2983771011,OA - Osteoarthritis of first metatarsophalangeal joint,,FOT/TOE,,,,,,
239877008,2269071000000110,Osteoarthritis of first MTPJ (metatarsophalangeal joint),,FOT/TOE,,,,,,
239877008,2983782015,Degenerative joint disease of first metatarsophalangeal joint,,FOT/TOE,,,,,,
239878003,2535944015,Degenerative joint disease of toe joint,,TOE,,,,,,
239878003,359430016,OA - Osteoarthritis of toe joint,,TOE,,,,,,
239878003,359429014,Osteoarthritis of toe joint,1,TOE,,,,,,
239880009,359432012,Lumbar spondylosis,1,BCK,,,,,,
239880009,359433019,Osteoarthritis of lumbar spine,,BCK,,,,,,
239960007,359545014,Shoulder impingement syndrome,,SHD,,,,,,
239960007,2920827012,Impingement syndrome of shoulder,1,SHD,,,,,,
239960007,359544013,Impingement syndrome of shoulder region,,SHD,,,,,,
239961006,2920603012,Bursitis of shoulder region,,SHD,,,,,,
239961006,359546010,Bursitis of shoulder,1,SHD,,,,,,
240003004,359590017,Suprapatellar bursitis,1,KNE,,,,,,
240008008,2792143017,Ganglion of knee,,#N/A,,,,,,
240008008,359596011,Baker's cyst of knee,,#N/A,,,,,,
240008008,798361000006111,Ganglion of knee,,#N/A,,,,,,
240008008,359595010,Synovial cyst of knee,1,#N/A,,,,,,
240131006,359754010,Rhabdomyolysis,1,UNS,,,,,,
240203005,359841013,Rupture of Baker's cyst - knee,1,KNE,,,,,,
240203005,3014049015,Rupture of synovial cyst - knee,,KNE,,,,,,
240203005,2840065014,Rupture of Baker cyst - knee,,KNE,,,,,,
240205003,359843011,Synovial cyst,1,UNS,,,,,,
240261009,359915015,Generalized benign joint hypermobility,,MSW,,,,,,
240261009,359916019,Generalised benign joint hypermobility,1,MSW,,,,,,
240631000000102,390981000000110,Suspected fracture or dislocation,1,UNS,,,,,,
24424003,1955641000006114,Closed fracture of phalanx of finger,1,FTB,,,,,,
24424003,40965012,Closed fracture of phalanx of finger,1,FTB,,,,,,
24424003,40968014,Closed fracture of finger,,FTB,,,,,,
24693007,41385012,Myofascial pain syndrome,1,MSW,,,,,,
24693007,41382010,Fibromyositis,,MSW,,,,,,
247366003,369379014,Acute back pain with sciatica,1,BCK,,,,,,
247369005,369382016,Facet joint pain,1,SPN,,,,,,
247369005,369383014,Facet joint syndrome,,SPN,,,,,,
247373008,401000006114,Other symptoms - ankle,,ANK ,,,,,,
247373008,369388017,Ankle pain,1,ANK ,,,,,,
247373008,369388017,Ankle pain,1,ANK ,,,,,,
248491001,370925016,Swollen knee,1,KNE,,,,,,
248491001,3287611016,Swollen knee region,,KNE,,,,,,
250082003,373007012,Hand cramps,1,HND,,,,,,
250102002,373031019,Unstable knee,1,KNE,,,,,,
250102002,373034010,Instability of knee,,KNE,,,,,,
250102002,373032014,Instability of knee joint,,KNE,,,,,,
250102002,373033016,Knee gives way,,KNE,,,,,,
25415003,42620014,Closed fracture of upper leg,,LEG,,,,,,
25415003,42619015,Closed fracture of thigh,,LEG,,,,,,
25415003,42617018,Closed fracture of femur,1,LEG,,,,,,
25899002,43394011,Closed bimalleolar fracture,1,ANK ,,,,,,
262520005,1224994012,Injury of thumb,,FTB,,,,,,
262520005,390464018,Thumb injury,1,FTB,,,,,,
262965006,391061011,Strain of back muscle,1,BCK,,,,,,
262971000,391073011,Tendon injury - hand,1,HND,,,,,,
262981001,391086019,Torn gastrocnemius,,LEG,,,,,,
262981001,391085015,Rupture of gastrocnemius tendon,1,LEG,,,,,,
262992000,391098012,Hamstring sprain,1,LEG,,,,,,
263021005,391132012,Anterior dislocation of shoulder,,SHD,,,,,,
263021005,391131017,Anterior dislocation of shoulder joint,1,SHD,,,,,,
263051004,391165016,Subluxation of shoulder joint,1,SHD,,,,,,
263054007,391168019,Subluxation of finger,1,FTB,,,,,,
263055008,391169010,Subluxation of thumb,1,FTB,,,,,,
263058005,391172015,Subluxation of tibiofemoral joint,,KNE,,,,,,
263058005,391173013,Subluxation of knee joint,1,KNE,,,,,,
263084004,391201016,Fracture dislocation of finger or thumb,1,FTB,,,,,,
263128001,1495248017,Sprain of elbow joint,,ELB,,,,,,
263128001,1495250013,Elbow sprain,,ELB,,,,,,
263128001,1495249013,Sprain of elbow,,ELB,,,,,,
263128001,391250010,Sprain of ligament of elbow,1,ELB,,,,,,
263129009,391251014,Sprain of ligament of finger,1,FTB,,,,,,
263129009,990381000006111,Sprained finger/thumb,,FTB,,,,,,
263130004,391252019,Sprain of ligament of thumb,1,FTB,,,,,,
263130004,5461121000006116,Sprain of thumb,,FTB,,,,,,
263130004,3316164017,Sprain of thumb,,FTB,,,,,,
263133002,391255017,Sprain of lateral ligament of ankle joint,1,ANK ,,,,,,
263199001,391353010,Fracture of distal end of radius,1,ARM/WRT,,,,,,
263199001,391354016,Fracture of lower end of radius,,ARM/WRT,,,,,,
263225007,391383018,Fracture of proximal end of femur,1,HIP,,,,,,
263225007,391384012,Hip fracture,,HIP,,,,,,
263233008,2536031019,Closed fracture of lower end of femur,,LEG/KNE,,,,,,
263233008,391397014,"Closed fracture of femur, distal end",1,LEG/KNE,,,,,,
263233008,2536032014,Closed fracture of distal end of femur,,LEG/KNE,,,,,,
263244000,391410014,Pott's fracture of ankle,,ANK ,,,,,,
263244000,391409016,Bimalleolar fracture of ankle,1,ANK ,,,,,,
263244000,391411013,Fracture of medial and lateral malleoli,,ANK ,,,,,,
263244000,989601000006119,#Ankle - bimalleolar - Potts #,,ANK ,,,,,,
263246003,391413011,Fracture of talus,1,FOT,,,,,,
263247007,391415016,Fracture of os calcis,,FOT,,,,,,
263247007,391414017,Fracture of calcaneus,1,FOT,,,,,,
263247007,391416015,Heel bone fracture,,FOT,,,,,,
263251009,391420016,Metatarsal bone fracture,1,FOT,,,,,,
263251009,391421017,Fracture of metatarsal bone,,FOT,,,,,,
26538006,44436017,Degeneration of lumbar intervertebral disc,1,BCK,,,,,,
267039000,3287545016,Swollen ankle region,,ANK ,,,,,,
267039000,397898016,Swollen ankle,1,ANK ,,,,,,
267039000,397897014,Ankle swelling,,ANK ,,,,,,
267109007,2669740016,Symptom of ankle or foot,1,ANK/FOT,,,,,,
267109007,5498701000006117,Symptom of ankle or foot,,ANK/FOT,,,,,,
267109007,398010011,Symptom: ankle/foot,,ANK/FOT,,,,,,
267889007,400175010,Generalised osteoarthritis of the hand,1,HND,,,,,,
267889007,400174014,Generalized osteoarthritis of the hand,,HND,,,,,,
267949000,400246013,Arthralgia of shoulder,,SHD,,,,,,
267949000,890661000006115,Painful Shoulder,,SHD,,,,,,
267949000,400244011,Shoulder joint pain,1,SHD,,,,,,
267949000,400245012,Arthralgia of the shoulder region,,SHD,,,,,,
267953003,400250018,Arthralgia of the lower leg,1,LEG,,,,,,
267954009,2985000016,Ankle and/or foot joint pain,,ANK/FOT,,,,,,
267954009,400251019,Arthralgia of the ankle and foot,,ANK/FOT,,,,,,
267954009,1489901015,Arthralgia of the ankle and/or foot,1,ANK/FOT,,,,,,
267954009,890671000006110,Ankle/foot joint pain,,ANK/FOT,,,,,,
267970006,400267013,Cervical spondylosis without myelopathy,1,NCK,,,,,,
267970006,890841000006118,Cervical spond.- no myelopathy,,NCK,,,,,,
267981009,400283013,Pain in thoracic spine,1,TXS,,,,,,
267982002,400284019,Pain in lumbar spine,1,BCK,,,,,,
269062008,402833017,Closed fracture of cervical spine,1,NCK,,,,,,
269062008,895271000006115,#Cervical spine-no cord lesion,,NCK,,,,,,
269080004,402853018,Closed fracture of distal end of humerus,,ARM/ELB,,,,,,
269080004,402852011,Closed fracture of lower end of humerus,1,ARM/ELB,,,,,,
269080004,402854012,Closed fracture of the distal humerus,1,ARM/ELB,,,,,,
269080004,895501000006111,#Humerus - lower end,,ARM/ELB,,,,,,
269083002,402859019,Closed Colles' fracture,1,WRT,,,,,,
269083002,895551000006110,#Radius/ulna-lower end-colles,,WRT,,,,,,
269083002,895561000006112,Colles fracture,,WRT,,,,,,
269105005,895941000006117,Dislocated shoulder,,SHD,,,,,,
269105005,402882017,Dislocation or subluxation of shoulder,1,SHD,,,,,,
269111008,895981000006111,Dislocated finger,,FTB,,,,,,
269111008,2551199013,Dislocation of digit of hand,,FTB,,,,,,
269111008,895971000006113,Dislocated thumb,,FTB,,,,,,
269111008,402888018,Dislocation or subluxation of finger or thumb,1,FTB,,,,,,
269112001,896011000006113,Dislocated knee,,KNE,,,,,,
269112001,402889014,Dislocation or subluxation of knee,1,KNE,,,,,,
269113006,402890017,"Acute meniscal tear, medial",,KNE,,,,,,
269113006,896021000006117,Disl.knee + med. meniscus tear,,KNE,,,,,,
270476009,405083016,Wry neck/torticollis,1,NCK,,,,,,
270887007,405344011,Rupture of popliteal space synovial cyst,1,KNE,,,,,,
270887007,891411000006111,Rupture of synovium - knee,,KNE,,,,,,
271587009,406431011,Stiffness,,UNS,,,,,,
271771009,406696011,Swollen joint,,UNS,,,,,,
271771009,1225231019,Observation of joint swelling,,UNS,,,,,,
271771009,406695010,Joint swelling,1,UNS,,,,,,
27182002,483451016,Sprain of acromioclavicular joint,,SHD,,,,,,
27182002,1495310013,Sprain of ligament of acromioclavicular joint,,SHD,,,,,,
27182002,1208712018,Sprain of acromioclavicular ligament,1,SHD,,,,,,
272009001,2669809016,Complaining of a back symptom,1,BCK,,,,,,
272009001,407048019,C/O - a back symptom,,BCK,,,,,,
272014002,2669811013,Complaining of foot symptom,1,FOT,,,,,,
272014002,407053012,C/O - foot symptom,,FOT,,,,,,
2733002,5621013,Heel pain,1,FOT,,,,,,
2733002,5622018,Talalgia,,FOT,,,,,,
274142002,409907011,Dupuytren's contracture,1,HND,,,,,,
274142002,2839023010,Dupuytren contracture,,HND,,,,,,
274142002,2920666018,Dupuytrens contracture,,HND,,,,,,
274160002,989531000006111,#Phalanx of thumb,,FTB,,,,,,
274160002,2536029011,Fracture of thumb,,FTB,,,,,,
274160002,409928019,Fracture of phalanx of thumb,1,FTB,,,,,,
274162005,409930017,Thoracic back sprain,1,TXS,,,,,,
274162005,896421000006113,Thoracic back sprain,,TXS,,,,,,
274179004,409952014,Traumatic hematoma,,UNS,,,,,,
274179004,989951000006111,Subperiosteal haematoma,,UNS,,,,,,
274179004,409951019,Traumatic haematoma,1,UNS,,,,,,
2764000,5669011,Joint crepitus,1,UNS,,,,,,
2764000,5670012,False crepitus,,UNS,,,,,,
2764000,483608011,Joint crackle,,UNS,,,,,,
2764000,483609015,Joint crepitation,,UNS,,,,,,
2764000,5668015,Articular crepitation,,UNS,,,,,,
27741009,483645017,Calcifying tendinitis of the shoulder,,SHD,,,,,,
27741009,2920519011,Calcific tendonitis of shoulder,,SHD,,,,,,
27741009,196621014,Calcific tendinitis of shoulder,1,SHD,,,,,,
27741009,46441010,Calcifying tendinitis of shoulder,,SHD,,,,,,
277890004,414622011,Toe swelling,,TOE,,,,,,
277890004,414623018,Swollen toe,1,TOE,,,,,,
278860009,415889011,CLBP - Chronic low back pain,,BCK,,,,,,
278860009,415888015,Chronic low back pain,1,BCK,,,,,,
278862001,415893017,Acute back pain - lumbar,,BCK,,,,,,
278862001,415892010,Acute low back pain,1,BCK,,,,,,
279029001,416128012,Pain in cervical spine,1,NCK,,,,,,
279035001,416135016,Acute thoracic back pain,1,BCK,,,,,,
279038004,416138019,Thoracic back pain,1,TXS,,,,,,
279039007,416143014,Lumbago,,BCK,,,,,,
279039007,416144015,Lumbar pain,,BCK,,,,,,
279039007,416142016,Lumbalgia,,BCK,,,,,,
279039007,416141011,Low back syndrome,,BCK,,,,,,
279039007,416145019,Nonspecific pain in the lumbar region,,BCK,,,,,,
279039007,416140012,LBP - Low back pain,,BCK,,,,,,
279039007,416139010,Low back pain,1,BCK,,,,,,
279040009,416146018,Mechanical low back pain,1,BCK,,,,,,
279043006,416149013,Pain in buttock,1,HIP/BCK,,,,,,
279043006,2476105018,Pygalgia,,HIP/BCK,,,,,,
279043006,2476104019,Buttock pain,,HIP/BCK,,,,,,
279069000,1785082014,Rheumatic pain,,UNS,,,,,,
279069000,416188010,Musculoskeletal pain,1,UNS,,,,,,
281531008,419563014,Ankle fracture - medial malleolus,,KNE,,,,,,
281531008,419562016,Fracture of medial malleolus,1,KNE,,,,,,
281535004,419567010,Fracture of lateral malleolus,1,ANK ,,,,,,
281535004,419568017,Ankle fracture - lateral malleolus,,ANK ,,,,,,
281543009,419577012,Strain of tendon of medial thigh muscle,1,HIP/LEG,,,,,,
281543009,419578019,Groin strain,,HIP/LEG,,,,,,
281598004,1225790015,Back sprain,,BCK,,,,,,
281598004,419643014,Sprain of spinal ligament,1,BCK,,,,,,
281792000,419882013,Swollen calf,,LEG,,,,,,
281792000,419883015,Swelling of calf,,LEG,,,,,,
281792000,419882013,Swollen lower leg,1,LEG,,,,,,
281974002,420143018,Weber type B fracture,1,ANK ,,,,,,
281975001,420144012,Weber type A fracture,1,ANK ,,,,,,
282026002,420203015,STI - Soft tissue injury,,UNS,,,,,,
282026002,420202013,Soft tissue injury,1,UNS,,,,,,
282766005,421160018,Lower back injury,1,BCK,,,,,,
282766005,1851701000006114,Lower back injury,1,BCK,,,,,,
282766005,421159011,Lumbar region injury,,BCK,,,,,,
282775007,421171017,Calf injury,1,LEG,,,,,,
282776008,421172012,Injury of toe,1,TOE,,,,,,
283858004,422406018,Crush injury of thumb,1,FTB,,,,,,
285365001,424343019,Pain in toe,1,TOE,,,,,,
285365001,424342012,Toe pain,,TOE,,,,,,
285395009,424382017,Pulled calf muscle,,LEG,,,,,,
285395009,424381012,Strain of calf muscle,1,LEG,,,,,,
29210001,48884013,Trochanteric tendinitis,1,HIP,,,,,,
297142003,437603016,Swollen foot,1,FOT,,,,,,
297142003,437604010,Foot swelling,,FOT,,,,,,
297193007,990421000006118,Ganglion/synov.cyst - hand,,HND,,,,,,
297193007,437673017,Ganglion of hand,1,HND,,,,,,
297194001,3035897015,Ganglion cyst of foot,,FOT,,,,,,
297194001,437674011,Ganglion of foot,1,FOT,,,,,,
298382003,439062015,Scoliosis,,BCK,,,,,,
298382003,439061010,Scoliosis deformity of spine,1,BCK,,,,,,
298494008,439197015,Scoliosis of thoracic spine,1,TXS,,,,,,
298494008,439196012,Scoliosis of dorsal spine,,TXS,,,,,,
298857005,439693015,Shoulder joint painful on movement,1,SHD,,,,,,
298857005,1892761000006113,Shoulder joint painful on movement,1,SHD,,,,,,
299037003,439903014,Swelling of hand,,HND,,,,,,
299037003,2476417011,Swollen hand,1,HND,,,,,,
299060006,2476418018,Swollen finger,,FTB,,,,,,
299060006,439928018,Swelling of finger,1,FTB,,,,,,
299331007,440239018,Bow legged,,LEG,,,,,,
299331007,440240016,Genu varus,,LEG,,,,,,
299331007,3305360015,Knee joint varus deformity,,LEG,,,,,,
299331007,440238014,Bandy legged,1,LEG,,,,,,
299331007,440237016,Bow legs,,LEG,,,,,,
30085007,2920569015,Mortons neuroma,,TOE,,,,,,
30085007,484474010,Interdigital neuralgia,,TOE,,,,,,
30085007,484476012,Morton metatarsalgia,1,TOE,,,,,,
30085007,50335015,Morton's metatarsalgia,,TOE,,,,,,
30085007,50338018,Morton's toe,,TOE,,,,,,
30085007,484475011,Interdigital neuroma,,TOE,,,,,,
30085007,50339014,Morton's disease,,TOE,,,,,,
30085007,50336019,Morton's neuralgia,,TOE,,,,,,
30085007,2984161000006113,Morton's metatarsalgia,,TOE,,,,,,
30085007,484477015,Morton neuroma,,TOE,,,,,,
30085007,50337011,Morton's neuroma,,TOE,,,,,,
300954003,442156014,Calf pain,,LEG,,,,,,
300954003,442157017,Pain in calf,1,LEG,,,,,,
300955002,442158010,Pain in thumb,1,FTB,,,,,,
301813003,443295011,Irritable hip,1,HIP,,,,,,
302222008,443803015,Closed fracture of elbow,,ELB,,,,,,
302222008,443804014,Elbow fracture - closed,1,ELB,,,,,,
302941001,444977014,Nonunion of fracture,1,UNS,,,,,,
30556007,3036267014,Recurrent dislocation of shoulder,,SHD,,,,,,
30556007,484632011,Recurrent dislocation of the shoulder joint,,SHD,,,,,,
30556007,890191000006117,Recur. disloc.- shoulder joint,,SHD,,,,,,
30556007,51143013,Recurrent dislocation of shoulder region,1,SHD,,,,,,
30760008,51486016,Drumstick fingers,,FTB,,,,,,
30760008,51485017,Clubbed fingers,,FTB,,,,,,
30760008,51484018,Clubbing of fingers,,FTB,,,,,,
30760008,51487013,Finger clubbing,1,FTB,,,,,,
30760008,1227338014,FC - Finger clubbing,,FTB,,,,,,
308153009,451471011,Closed fracture of distal fibula,1,ANK/LEG,,,,,,
309246000,452614016,Osteoarthritis of foot joint,1,FOT,,,,,,
309246000,1785137013,Degenerative joint disease of foot,,FOT,,,,,,
309567004,453017019,Toe problem,1,TOE,,,,,,
30989003,51875014,Knee pain,1,KNE,,,,,,
30989003,51874013,Gonalgia,,KNE,,,,,,
30989003,484754019,Knee joint pain,,KNE,,,,,,
30989003,484753013,Arthralgia of knee,,KNE,,,,,,
310483003,454068014,C/O - pain in toes,,TOE,,,,,,
310483003,2670489017,Complaining of pain in toe,1,TOE,,,,,,
310483003,6000451000006117,C/O - pain in toe,,TOE,,,,,,
310484009,454069018,C/O - pain in hallux,,TOE,,,,,,
310484009,454070017,C/O - pain in big toe,,TOE,,,,,,
310484009,2670490014,Complaining of pain in hallux,1,TOE,,,,,,
311804006,455431014,Prolapsed lumbar intervertebral disc with sciatica,1,BCK,,,,,,
311821002,455451013,Closed fracture of great toe,1,TOE,,,,,,
312225001,2470224017,Musculoskeletal or connective tissue diseases OS,,UNS,,,,,,
312225001,2470224017,Musculoskeletal and connective tissue disorder,,UNS,,,,,,
312225001,455899017,Musculoskeletal and connective tissue diseases,1,UNS,,,,,,
314916002,459326017,Swollen thumb,1,FTB,,,,,,
31975004,1227891011,Fracture of scaphoid bone,,WRT,,,,,,
31975004,53424011,Fracture of scaphoid bone of wrist,,WRT,,,,,,
31975004,53423017,Fracture of navicular bone of wrist,1,WRT,,,,,,
31978002,53428014,Fracture of tibia,1,LEG,,,,,,
3199001,6399017,Sprain of shoulder,1,SHD,,,,,,
3199001,1227895019,Sprain of shoulder joint,,SHD,,,,,,
33173003,55358019,Closed fracture of clavicle,1,SHD,,,,,,
33192001,485443016,"Closed fracture of radius and ulna, lower end",,ARM/WRT,,,,,,
33192001,1490703015,"Closed fracture radius and ulna, distal",,ARM/WRT,,,,,,
33192001,55392016,Closed fracture of lower end of radius AND ulna,1,ARM/WRT,,,,,,
33308003,55580017,Disorder of back,1,BCK,,,,,,
342070009,470290012,Closed fracture of foot,1,FOT,,,,,,
34268009,57222012,Closed fracture of lateral malleolus,1,ANK ,,,,,,
34268009,1228159014,"Closed fracture ankle, lateral malleolus",,ANK ,,,,,,
34268009,989591000006110,#Ankle - lateral malleolus,,ANK ,,,,,,
34789001,58062016,Coccyodynia,,BCK,,,,,,
34789001,58060012,Coccydynia,,BCK,,,,,,
34789001,345241000000114,Pain in coccyx,,BCK,,,,,,
34789001,58058010,Coccygodynia,,BCK,,,,,,
34789001,58061011,Coccygalgia,,BCK,,,,,,
34789001,485947013,Pain in the coccyx,1,BCK,,,,,,
34789001,58059019,Coccyalgia,,BCK,,,,,,
34840004,58147015,Tendonitis,,UNS,,,,,,
34840004,58144010,Tendinitis,1,UNS,,,,,,
34840004,485969018,Inflammatory disorder of tendon,,UNS,,,,,,
35678005,890691000006111,Multiple joint pain,1,MSW,,,,,,
35678005,59513019,Polyarthralgia,,MSW,,,,,,
35678005,486238018,Multiple joint pain,1,MSW,,,,,,
35678005,1228298012,Arthralgia of multiple joints,,MSW,,,,,,
359532006,473355018,Rotator cuff impingement syndrome,1,SHD,,,,,,
359817006,475216019,Closed fracture of hip,1,HIP,,,,,,
359820003,570541000006112,"Cls # prox femur, intracapsular section, unspecified",,HIP,,,,,,
359820003,475220015,Closed fracture of neck of femur,1,HIP,,,,,,
360450007,476266016,Strain of neck muscle,1,NCK,,,,,,
360450007,1228347015,Cervical strain,,NCK,,,,,,
36071006,60194013,Chondromalacia of patella,1,KNE,,,,,,
36071006,60195014,Degeneration of articular cartilage of patella,,KNE,,,,,,
36071006,60196010,Chondromalacia patellae,,KNE,,,,,,
36071006,2921095019,Chondromalacia patella,,KNE,,,,,,
36186002,60384014,Multiple joint disease,,MSW,,,,,,
36186002,60385010,Polyarthrosis,,MSW,,,,,,
36186002,60380017,Polyarthropathy,1,MSW,,,,,,
36427004,990521000006119,Intervertebral disc lesion NOS,,SPN,,,,,,
36427004,60784012,Intervertebral disc disorder,1,SPN,,,,,,
36427004,1228648018,Disorder of intervertebral disc,,SPN,,,,,,
36924003,1228726016,Closed fracture metatarsal,,FOT,,,,,,
36924003,61593018,Closed fracture of metatarsal bone,1,FOT,,,,,,
371081002,1209789011,Arthritis of knee,1,KNE,,,,,,
371598009,2842228010,Heberden node,1,FTB,,,,,,
371598009,1210227011,Heberden's node,,FTB,,,,,,
37785001,2440981000000113,Patellar tendinitis,,KNE,,,,,,
37785001,63039019,Patellar tendonitis,1,KNE,,,,,,
37895003,63223018,Osteoarthrosis of the carpometacarpal joint of the thumb,1,FTB,,,,,,
37895003,486887012,Osteoarthritis of first carpometacarpal joint,,FTB,,,,,,
37895003,2921158017,Osteoarthritis basilar joint of thumb,,FTB,,,,,,
37895003,63223018,"Arthrosis of first carpometacarpal joint, unspecified",,FTB,,,,,,
387800004,1492276018,Osteoarthritis of cervical spine,,NCK,,,,,,
387800004,1481870016,Cervical spondylosis,1,NCK,,,,,,
387800004,1492279013,Cervical spine degeneration,,NCK,,,,,,
387800004,1492278017,Cervical spondylarthritis,,NCK,,,,,,
387800004,1492277010,CS - Cervical spondylosis,,NCK,,,,,,
387800004,1492275019,Cervical osteoarthritis,,NCK,,,,,,
387802007,1492281010,Osteoarthritis of thoracic spine,,TXS,,,,,,
387802007,1492283013,Thoracic osteoarthritis,,TXS,,,,,,
387802007,1492282015,Thoracic spondylarthritis,,TXS,,,,,,
387802007,1481872012,Thoracic spondylosis,1,TXS,,,,,,
396275006,889881000006119,Osteoarthritis - elbow joint,,UNS,,,,,,
396275006,889891000006116,Osteoarthritis - wrist joint,,UNS,,,,,,
396275006,889901000006117,Osteoarthritis - hand joint,,UNS,,,,,,
396275006,1785522017,OA - Osteoarthritis,,UNS,,,,,,
396275006,1785526019,Degenerative joint disease,,UNS,,,,,,
396275006,1776248011,Osteoarthritis,1,UNS,,,,,,
396275006,1785529014,Degenerative arthropathy,,UNS,,,,,,
396275006,1785523010,Degenerative arthritis,,UNS,,,,,,
396275006,1785524016,OA - Osteoarthrosis,,UNS,,,,,,
396275006,889911000006119,Osteoarthritis - hip joint,,UNS,,,,,,
396275006,889931000006113,Osteoarthritis - ankle/foot,,UNS,,,,,,
396275006,1785528018,Osteoarthrosis,,UNS,,,,,,
396275006,1785525015,Hypertrophic arthritis,,UNS,,,,,,
39848009,492282010,Whiplash injury,,NCK,,,,,,
39848009,67201016,Whiplash injury to neck,1,NCK,,,,,,
39848009,492280019,Acceleration-deceleration injury of neck,,NCK,,,,,,
398878007,1786584012,Ligament sprain,,UNS,,,,,,
398878007,1778365011,Sprain of ligament,1,UNS,,,,,,
399114005,1786697019,Duplay's periarthritis syndrome,,SHD,,,,,,
399114005,1786699016,Frozen shoulder,,SHD,,,,,,
399114005,1786700015,Periarthritis of shoulder,,SHD,,,,,,
399114005,1778574014,Adhesive capsulitis of shoulder,1,SHD,,,,,,
399114005,1786698012,Pericapsulitis of shoulder,,SHD,,,,,,
399269003,1778721018,Arthropathy,1,UNS,,,,,,
399269003,1786779015,Joint disorder,,UNS,,,,,,
399269003,1786778011,Arthrosis,,UNS,,,,,,
399269003,6620011000006113,Disorder of joint,,UNS,,,,,,
399269003,1786780017,Joint disease,,UNS,,,,,,
399346004,1786830017,Supraspinatus rupture,,SHD,,,,,,
399346004,1786831018,Rupture supraspinatus tendon,,SHD,,,,,,
399346004,3304744010,Tear of supraspinatus tendon,,SHD,,,,,,
399346004,2923523019,Supraspinatus tear,1,SHD,,,,,,
40144003,492459010,Morning stiffness - joint,1,UNS,,,,,,
404098005,1783067019,Digital mucous cyst,1,FTB/TOE,,,,,,
404098005,1787972014,Digital synovial cyst,,FTB/TOE,,,,,,
404098005,1787973016,Digital myxoid cyst,,FTB/TOE,,,,,,
4046000,7967011,Degenerative spondylolisthesis,1,BCK,,,,,,
405817008,895651000006111,#Phalanx of finger/thumb,,FTB,,,,,,
405817008,991691000006114,#Phalanx of finger/thumb NOS,,FTB,,,,,,
405817008,2157591015,Fracture of phalanx of hand,1,FTB,,,,,,
40799003,68050018,Subacromial bursitis,1,SHD,,,,,,
40799003,68050018,Subacromial bursitis,1,SHD,,,,,,
4106009,1229712015,Rotator cuff rupture,,SHD,,,,,,
4106009,1229713013,Rotator cuff tear,,SHD,,,,,,
4106009,8095011,Rotator cuff syndrome,1,SHD,,,,,,
4106009,1229714019,Rupture of rotator cuff of shoulder,,SHD,,,,,,
413428007,2532921014,Acquired kyphosis,1,TXS,,,,,,
413428007,2536860010,Acquired hunchback,,TXS,,,,,,
413875004,2533501014,Closed fracture of head of humerus,1,SHD,,,,,,
414293001,895751000006118,#Tibia/fibula - shaft,,LEG,,,,,,
414293001,895761000006116,#Tibia/fibula - upper end,,LEG,,,,,,
414293001,895781000006114,#Tibia alone,,LEG,,,,,,
414293001,895791000006112,#Tibia/fibula,,LEG,,,,,,
414293001,991701000006114,#Tibia/fibula NOS,,LEG,,,,,,
414293001,2533505017,Fracture of tibia AND fibula,1,LEG,,,,,,
414293001,895771000006111,#Fibula alone,,LEG,,,,,,
41511005,69245014,Open fracture of distal phalanx of finger,1,FTB,,,,,,
41511005,1229766011,Open fracture finger distal phalanx,,FTB,,,,,,
415692008,2537494012,Bunion of great toe,,TOE,,,,,,
415692008,2534692011,Bunion,,TOE,,,,,,
415692008,2537495013,Swelling of first metatarsophalangeal joint of hallux,1,TOE,,,,,,
416189003,2548690012,Exostosis,1,UNS,,,,,,
416189003,3425292010,Exostosis disorder,,UNS,,,,,,
416209007,2548712013,Synovitis,1,UNS,,,,,,
417076003,2554043013,Dislocation of glenohumeral joint,,SHD,,,,,,
417076003,2554044019,Shoulder dislocation,,SHD,,,,,,
417076003,2549626016,Dislocation of shoulder joint,1,SHD,,,,,,
417076003,2920657017,Dislocation of shoulder,,SHD,,,,,,
417109008,2549660011,Subluxation of radial head,1,ARM/ELB,,,,,,
417163006,2554070018,Injury,,UNS,,,,,,
417163006,2549714019,Traumatic AND/OR non-traumatic injury,1,UNS,,,,,,
417558002,2548610011,Dislocation of elbow joint,1,ELB,,,,,,
417558002,2553704013,Dislocated elbow,,ELB,,,,,,
417746004,2554146015,Trauma,,UNS,,,,,,
417746004,2549970010,Traumatic injury,1,UNS,,,,,,
417746004,2554145016,Injury - disorder,,UNS,,,,,,
418237007,2576555013,Pain in hallux,1,TOE,,,,,,
42188001,70403018,Closed fracture of ankle,1,ANK ,,,,,,
423849004,2649445015,Iliotibial band syndrome,,LEG,,,,,,
423849004,2645786016,Iliotibial band friction syndrome,1,LEG,,,,,,
424648000,2645978011,Closed fracture of base of fifth metatarsal bone,1,FOT,,,,,,
425940002,2674831011,Student's elbow,,ELB,,,,,,
425940002,3305819015,Miner's elbow,,ELB,,,,,,
425940002,2674832016,Inflammation of bursa of olecranon,,ELB,,,,,,
425940002,2674829019,Capped elbow,,ELB,,,,,,
425940002,2674828010,Miners' elbow,,ELB,,,,,,
425940002,2674830012,Olecranon bursitis,1,ELB,,,,,,
42636007,71124012,Closed fracture of upper end of humerus,1,ARM/SHD,,,,,,
42636007,71126014,Closed fracture of proximal end of humerus,,ARM/SHD,,,,,,
42636007,895481000006118,#Humerus - upper end,,ARM/SHD,,,,,,
42636007,1229897016,Closed fracture of the proximal humerus,,ARM/SHD,,,,,,
42786005,493439016,Trigger thumb,,FTB,,,,,,
42786005,493441015,Trigger thumb - acquired,,FTB,,,,,,
42786005,493441015,Acquired trigger thumb,,FTB,,,,,,
42786005,493442010,Nodular tendinous disease of thumb,,FTB,,,,,,
42786005,2791491012,Clicking thumb,,FTB,,,,,,
42786005,493440019,Triggering of thumb,,FTB,,,,,,
42786005,71401010,Snapping thumb syndrome,1,FTB,,,,,,
42786005,493441015,Thumb trigger,,FTB,,,,,,
428151000,2693040014,Closed fracture of bone of knee joint,1,KNE,,,,,,
42818005,71453019,Closed fracture of scaphoid bone of wrist,1,WRT,,,,,,
42818005,2773316018,Closed fracture of navicular bone of wrist,,WRT,,,,,,
42818005,1229933018,Closed fracture of the scaphoid,,WRT,,,,,,
42818005,895601000006112,#Scaphoid,,WRT,,,,,,
428257007,2694844010,Fracture of tibial plateau,1,KNE,,,,,,
428883008,2921101018,Rupture biceps tendon,1,ARM,,,,,,
428883008,2692191017,Rupture of biceps tendon,,ARM,,,,,,
428883008,2695426017,Rupture of tendon of biceps,,ARM,,,,,,
429513001,2694176015,Rupture of Achilles tendon,,ANK/LEG,,,,,,
429513001,2920794016,Rupture achilles tendon,1,ANK/LEG,,,,,,
4308002,8258016,Repetitive strain injury,1,UNS,,,,,,
4308002,1229961012,RSI - Repetitive strain injury,,UNS,,,,,,
4308002,1229962017,Repetitive strain injury syndrome,,UNS,,,,,,
4308002,1229960013,RSIS - Repetitive strain injury syndrome,,UNS,,,,,,
432473000,2767377016,Femoroacetabular impingement,,HIP,,,,,,
432473000,2767376013,Femoral acetabular impingement,1,HIP,,,,,,
432473000,1735781000000111,Impingement sydrome of hip,,HIP,,,,,,
432473000,2725611000000113,Impingement syndrome of hip,,HIP,,,,,,
432473000,2770705012,Femoro-acetabular impingement,,HIP,,,,,,
43295006,72228016,Closed fracture of humerus,1,ARM,,,,,,
43295006,72231015,Closed fracture of upper arm,,ARM,,,,,,
43422002,2920911016,Crush injury to foot,,FOT,,,,,,
43422002,1229989010,Crush injury of foot,,FOT,,,,,,
43422002,72431018,Crushing injury of foot,1,FOT,,,,,,
442048005,2818257013,Tenosynovitis of wrist,1,WRT,,,,,,
442056008,7259011000006116,Buckle fracture,,UNS,,,,,,
442056008,2820137018,Buckle fracture,,UNS,,,,,,
442056008,2820138011,Torus fracture,1,UNS,,,,,,
442085002,2818315017,Greenstick fracture,1,UNS,,,,,,
442520000,2819851012,Tendinitis of rotator cuff,,SHD,,,,,,
442520000,2819850013,Inflammation of rotator cuff tendon,1,SHD,,,,,,
443700006,2840290015,Disorder of lumbar disc,1,BCK,,,,,,
443798008,2841078017,Inflammation of joint of shoulder region,,SHD,,,,,,
443798008,2841077010,Arthritis of shoulder region joint,1,SHD,,,,,,
44465007,896341000006114,Sprained ankle,,ANK ,,,,,,
44465007,991411000006118,Sprain - ankle NOS,,ANK ,,,,,,
44465007,74153014,Sprain of ankle,1,ANK ,,,,,,
44465007,493900017,Sprain of ligament of ankle joint,,ANK ,,,,,,
44465007,493898019,Sprain of ankle joint,,ANK ,,,,,,
44465007,493899010,Ankle sprain,,ANK ,,,,,,
445008009,2442011000000118,Ganglion,1,UNS,,,,,,
445008009,2872785018,Ganglion cyst,,UNS,,,,,,
447139008,2883830012,Closed fracture of tibia,1,LEG,,,,,,
447395005,2883200010,Closed fracture of fibula,1,LEG,,,,,,
448355005,2900823018,Greenstick fracture of distal radius,1,ARM/WRT,,,,,,
448394006,2900577013,Inflammation of joint of foot,1,FOT,,,,,,
448394006,2900576016,Arthritis of foot,,FOT,,,,,,
448589005,2899512019,Inflammation of joint of hand,,HND,,,,,,
448589005,2899511014,Arthritis of hand,1,HND,,,,,,
449917004,2912785019,Cramp in lower limb,1,LEG,,,,,,
450521003,2915470018,Patellofemoral osteoarthritis,,KNE,,,,,,
450521003,2916298014,Osteoarthritis of patellofemoral joint,1,KNE,,,,,,
45231001,1230201017,Clergyman's knee,,KNE,,,,,,
45231001,75415016,Infrapatellar bursitis,1,KNE,,,,,,
45326000,75568012,Shoulder pain,1,SHD,,,,,,
45326000,75568012,Shoulder pain,1,SHD,,,,,,
45326000,2920912011,Shoulder region pain,,SHD,,,,,,
45352006,75606017,Spasm,,UNS,,,,,,
45613006,494277016,"Contusion, lower leg",,LEG,,,,,,
45613006,494279018,Leg bruise,,LEG,,,,,,
45613006,494280015,Superficial bruising of leg,,LEG,,,,,,
45613006,494276013,Superficial bruising of lower leg,,LEG,,,,,,
45613006,76055019,Contusion of lower leg,1,LEG,,,,,,
45613006,494278014,Superficial bruising of lower limb,,LEG,,,,,,
46866001,1230401019,Leg fracture,,LEG,,,,,,
46866001,78115012,Fracture of leg,,LEG,,,,,,
46866001,78112010,Fracture of lower limb,1,LEG,,,,,,
46866001,895911000006116,Multiple fractures,,LEG,,,,,,
46866001,1230400018,Fracture of bone of lower limb,,LEG,,,,,,
47933007,494960013,Foot pain,1,FOT,,,,,,
481000119104,2917025019,Strain of hamstring muscle,1,LEG,,,,,,
48210000,80326019,Lumbar AND/OR sacral osteoarthritis,,BCK,,,,,,
48210000,80324016,Lumbosacral spondylosis without myelopathy,1,BCK,,,,,,
48532005,80867016,Strain,,UNS,,,,,,
48532005,80869018,Muscle strain,1,UNS,,,,,,
48532005,1230607010,Pulled muscle,,UNS,,,,,,
49218002,81981010,Coxalgia,,HIP,,,,,,
49218002,1230691015,Arthralgia of hip,,HIP,,,,,,
49218002,81981010,Coxalgia,,HIP,,,,,,
49218002,198184013,Hip joint pain,,HIP,,,,,,
49218002,81982015,Hip pain,1,HIP,,,,,,
49388007,991421000006114,Sprain - foot NOS,,FOT,,,,,,
49388007,1230711013,FSPR - Foot sprain,,FOT,,,,,,
49388007,1230712018,Foot sprain,,FOT,,,,,,
49388007,82262012,Sprain of foot,1,FOT,,,,,,
49388007,896371000006118,Sprained foot,,FOT,,,,,,
51037009,895741000006115,#Patella,,KNE,,,,,,
51037009,1230939017,Fracture of knee-cap,,KNE,,,,,,
51037009,85039010,Fracture of patella,1,KNE,,,,,,
52011008,1231070017,Finger injury,,FTB,,,,,,
52011008,86577018,Injury of finger,1,FTB,,,,,,
53057004,496539011,Hand pain,1,HND,,,,,,
53057004,88253017,Painful hand,,HND,,,,,,
53208009,88489011,Peroneal tendinitis,1,ANK/FOT,,,,,,
53208009,2920728014,Peroneal tendonitis,,ANK/FOT,,,,,,
53226007,496587018,Flat foot,,FOT,,,,,,
53226007,496588011,Low medial arch of foot,,FOT,,,,,,
53226007,88515011,Fallen arches,,FOT,,,,,,
53226007,496589015,Fallen arches,,FOT,,,,,,
53226007,892611000006119,Flat foot - pes planus,,FOT,,,,,,
53226007,496586010,Pes planus,1,FOT,,,,,,
53226007,3661255010,Talipes planus,,FOT,,,,,,
53226007,88518013,Fallen arch,,FOT,,,,,,
53286005,496608016,Golfer's elbow,,ELB,,,,,,
53286005,2671298011,Medial epicondylitis of elbow joint,1,ELB,,,,,,
53286005,88612019,Medial epicondylitis,,ELB,,,,,,
53286005,496607014,Medial epicondylitis of elbow,,ELB,,,,,,
53627009,89155012,Closed fracture of radius AND ulna,1,ARM/WRT,,,,,,
53627009,496729019,Closed fracture of the radius and ulna,,ARM/WRT,,,,,,
54556006,90678013,Fracture of ulna,1,ARM/WRT,,,,,,
54888009,497076011,Knee sprain NOS,,KNE,,,,,,
54888009,91240012,Sprain of knee,1,KNE,,,,,,
54888009,497075010,Sprain of ligament of knee joint,,KNE,,,,,,
54888009,497076011,Knee sprain,,KNE,,,,,,
54888009,497074014,Sprain of knee joint,,KNE,,,,,,
55146009,497130010,Sacroiliac joint inflamed,,BCK,,,,,,
55146009,1231422019,Sacroiliac joint active,,BCK,,,,,,
55146009,91681011,Inflammation of sacroiliac joint,,BCK,,,,,,
55146009,2115291000000119,Sacroiliitis,1,BCK,,,,,,
55260003,91871010,Calcaneal spur,1,FOT,,,,,,
55300003,91940017,Cramp in muscle,,UNS,,,,,,
55300003,1231445013,Muscle cramps,,UNS,,,,,,
55300003,91941018,Muscle cramp,,UNS,,,,,,
55300003,91936014,Cramp,1,UNS,,,,,,
56608008,94135011,Pain in wrist,1,WRT,,,,,,
56608008,94136012,Wrist pain,,WRT,,,,,,
57406009,497878013,Carpal tunnel,,WRT/HND,,,,,,
57406009,3038727018,Distal median nerve entrapment,,WRT/HND,,,,,,
57406009,497879017,Carpal canal,,WRT/HND,,,,,,
57406009,95473010,Carpal tunnel syndrome,1,WRT/HND,,,,,,
57406009,3038715016,Distal median nerve compression,,WRT/HND,,,,,,
57406009,497880019,CTS - Carpal tunnel syndrome,,WRT/HND,,,,,,
57676002,890651000006117,Pain in joint - coxalgia,,UNS,,,,,,
57676002,95911014,Arthralgia of other specified site,,UNS,,,,,,
57676002,95911014,Arthralgia,,UNS,,,,,,
57676002,95910010,Joint pain,1,UNS,,,,,,
57676002,991491000006111,Joint pain NOS,,UNS,,,,,,
57676002,1231755013,Articular pain,,UNS,,,,,,
57676002,95912019,Painful joint,,UNS,,,,,,
58150001,1231810014,Collar bone fracture,,SHD,,,,,,
58150001,895451000006114,#Clavicle,,SHD,,,,,,
58150001,96628016,Fracture of clavicle,1,SHD,,,,,,
58150001,96630019,Fracture of collar bone,,SHD,,,,,,
58580000,1231853014,"Closed fracture distal humerus, supracondylar",,ARM/ELB,,,,,,
58580000,97348013,Closed supracondylar fracture of humerus,1,ARM/ELB,,,,,,
58781003,2920497012,Gluteal tendonitis,,HIP,,,,,,
58781003,97681017,Gluteal tendinitis,1,HIP,,,,,,
5913000,895691000006117,#Neck of femur,,HIP,,,,,,
5913000,10846014,Fracture of hip,,HIP,,,,,,
5913000,498354012,NOF - Fracture of neck of femur,,HIP,,,,,,
5913000,10845013,Femoral neck fracture,,HIP,,,,,,
5913000,10843018,Fracture of neck of femur,1,HIP,,,,,,
61007003,498908010,Pubic symphysis separation,,HIP,,,,,,
61007003,101386010,Traumatic separation of pubic symphysis during delivery,,HIP,,,,,,
61007003,101385014,Separation of symphysis pubis during delivery,1,HIP,,,,,,
61007003,498910012,Symphysis pubis separation,,HIP,,,,,,
62629000,1232358010,Divarification of recti,,ABD,,,,,,
62629000,1232359019,Divarication of recti,1,ABD,,,,,,
62629000,104092013,Diastasis recti,,ABD,,,,,,
637091000000105,889921000006110,Osteoarthritis - knee joint,,KNE,,,,,,
637091000000105,1403631000000115,"Osteoarthritis NOS, of the lower leg",1,KNE,,,,,,
64217002,892661000006116,Curvature of spine - acquired,,TXS/BCK,,,,,,
64217002,990881000006117,Spine curvature NOS - acquired,,TXS/BCK,,,,,,
64217002,106745019,Curvature of spine,1,TXS/BCK,,,,,,
64298006,106879011,Mallet finger,1,FTB,,,,,,
64298006,106880014,Baseball finger,,FTB,,,,,,
64455005,107139013,Fracture of acetabulum,1,HIP/SHD,,,,,,
64665009,107463010,Closed fracture of calcaneus,1,FOT,,,,,,
64665009,107465015,Closed fracture of os calcis,,FOT,,,,,,
64665009,107464016,Closed fracture of heel bone,,FOT,,,,,,
64665009,895881000006116,#Calcaneus - heel,,FOT,,,,,,
65260001,108431018,Cervical spondylosis with myelopathy,1,NCK,,,,,,
65260001,108433015,Cervical spinal cord compression,,NCK,,,,,,
65260001,890851000006116,Cervical spond.with myelopathy,,NCK,,,,,,
65260001,500061014,Cervical spondylitic cord compression,,NCK,,,,,,
65260001,108432013,Spondylogenic compression of cervical spinal cord,,NCK,,,,,,
65358001,108592014,Acquired hallux valgus,1,TOE,,,,,,
65966004,500272010,Forearm fracture,,ARM,,,,,,
65966004,109556018,Fracture of forearm,1,ARM,,,,,,
66308002,110119018,Fracture of upper arm,,ARM,,,,,,
66308002,895471000006116,#Humerus,,ARM,,,,,,
66308002,110116013,Fracture of humerus,1,ARM,,,,,,
66308002,990971000006114,#Humerus NOS,,ARM,,,,,,
66308002,110116013,"Open fracture of humerus, shaft or unspecified part NOS",,ARM,,,,,,
6654000,500460018,Hallux rigidus,,TOE,,,,,,
6654000,12027018,Acquired hallux rigidus,1,TOE,,,,,,
6654000,500461019,HR - Hallux rigidus,,TOE,,,,,,
6654000,500464010,Hallux rigidus - acquired,,TOE,,,,,,
6654000,500463016,Rigidity of 1st MTP joint,,TOE,,,,,,
6698000,989611000006116,#Ankle - trimalleolar,,ANK ,,,,,,
6698000,1232867019,"Closed fracture ankle, trimalleolar",,ANK ,,,,,,
6698000,12100015,Closed trimalleolar fracture,1,ANK ,,,,,,
67315001,1232918017,OA - Osteoarthritis of shoulder,,SHD,,,,,,
67315001,1232920019,Osteoarthritis of shoulder,,SHD,,,,,,
67315001,111849010,Degenerative joint disease of shoulder region,1,SHD,,,,,,
67315001,1232919013,Osteoarthritis of shoulder joint,,SHD,,,,,,
67315001,111849010,"Localised osteoarthritis, unspecified, of shoulder region",,SHD,,,,,,
67801009,112616018,Tendonitis of thumb,,HND,,,,,,
67801009,500847015,Inflammation of tendon sheath,,HND,,,,,,
67801009,112620019,Tenontolemmitis,,HND,,,,,,
67801009,112616018,Tenosynovitis,1,HND,,,,,,
67801009,112618017,Tendinous synovitis,,HND,,,,,,
67801009,112621015,Tenovaginitis,,HND,,,,,,
67801009,112619013,Tendovaginitis,,HND,,,,,,
68449006,113687010,Coxitis,,HIP,,,,,,
68449006,2900238014,Inflammation of hip joint,,HIP,,,,,,
68449006,2900237016,Arthritis of hip,1,HIP,,,,,,
6858004,12348010,Capsulitis,1,UNS,,,,,,
68854005,1233093015,"Closed fracture radius, head",,ARM/ELB,,,,,,
68854005,114364017,Closed fracture of head of radius,1,ARM/ELB,,,,,,
68962001,114543015,Muscle pain,1,UNS,,,,,,
68962001,114542013,Myalgia,,UNS,,,,,,
68962001,114544014,Muscle ache,,UNS,,,,,,
68962001,2552628011,Aching muscles,,UNS,,,,,,
68962001,114547019,Myoneuralgia,,UNS,,,,,,
68962001,114545010,Myodynia,,UNS,,,,,,
68962001,114546011,Myosalgia,,UNS,,,,,,
69195002,114931012,Degeneration of cervical intervertebral disc,1,NCK,,,,,,
699062006,2982512016,Injury of shoulder and upper arm,1,SHD/ARM,,,,,,
699370008,2984039015,Symptom of foot,1,FOT,,,,,,
699462004,2984569018,Monoarthritis,1,UNS,,,,,,
70070008,116373011,Wry neck,,NCK,,,,,,
70070008,116374017,Contracture of neck,,NCK,,,,,,
70070008,116370014,Torticollis,1,NCK,,,,,,
704213001,3011218018,Closed fracture of phalanx of thumb,1,FTB,,,,,,
70704007,501643013,Sprain of wrist joint,,WRT,,,,,,
70704007,501644019,Wrist sprain,,WRT,,,,,,
70704007,117437013,Sprain of wrist,1,WRT,,,,,,
712893003,3286858018,Traumatic and/or non-traumatic injury of back,1,BCK,,,,,,
71620000,118982015,Fracture of upper leg,,LEG,,,,,,
71620000,118977010,Fracture of femur,1,LEG,,,,,,
71620000,118978017,"Fracture of femur, NOS",,LEG,,,,,,
72047008,2921093014,Osgood Schlatters disease,,KNE,,,,,,
72047008,119719018,Osgood-Schlatter's disease,,KNE,,,,,,
72047008,119718014,Juvenile osteochondrosis of tibial tubercle,,KNE,,,,,,
72047008,2871433017,Osgood Schlatter disease,1,KNE,,,,,,
721291009,3324885016,Disorder of patella,,KNE,,,,,,
73589001,502473014,Slipped intervertebral disc,,SPN,,,,,,
73589001,502477010,Intervertebral disc extrusion,,SPN,,,,,,
73589001,122194016,Intervertebral disc prolapse,1,SPN,,,,,,
73589001,502482015,Intervertebral disc protrusion,,SPN,,,,,,
73589001,502478017,IVDP - Intervertebral disc prolapse,,SPN,,,,,,
73589001,502481010,PIVD - Prolapsed intervertebral disc,,SPN,,,,,,
73589001,502476018,PID - Prolapsed intervertebral disc,,SPN,,,,,,
73589001,502474015,Slipped disc,,SPN,,,,,,
73589001,502475019,Prolapsed intervertebral disc,,SPN,,,,,,
73589001,502479013,Displacement of intervertebral disc,,SPN,,,,,,
74323005,123425013,Pain in elbow,1,ELB,,,,,,
74323005,123426014,Elbow pain,,ELB,,,,,,
74779009,124189015,Strain of rotator cuff capsule,1,SHD  ,,,,,,
74779009,1233787015,Strain of rotator cuff of shoulder,,SHD  ,,,,,,
74814004,1233792018,Superficial bruising of foot,,FOT,,,,,,
74814004,124249016,Contusion of foot,1,FOT,,,,,,
75308009,125075018,Closed fracture of navicular bone of foot,1,FOT,,,,,,
75308009,125076017,Closed fracture of scaphoid bone of foot,,FOT,,,,,,
75308009,1233864019,Closed fracture navicular,,FOT,,,,,,
75591007,125543012,"Open fracture of fibula, unspecified part, NOS",,LEG,,,,,,
75591007,125543012,Fracture of fibula,1,LEG,,,,,,
75857000,125993015,Fracture of radius AND ulna,1,ARM,,,,,,
75857000,991021000006118,#Radius/ulna NOS,,ARM,,,,,,
75857000,895521000006118,#Radius/ulna,,ARM,,,,,,
75857000,125994014,"Fracture of radius and ulna, NOS",,ARM,,,,,,
76107001,126406018,Spinal stenosis,1,BCK,,,,,,
76107001,1233956012,SS - Spinal stenosis,,BCK,,,,,,
7674000,13682017,Trochanteric bursitis,,HIP,,,,,,
7674000,3521400010,GTPS - greater trochanteric pain syndrome,,HIP,,,,,,
7674000,2389251000000115,GTPS - greater trochanteric pain syndrome,,HIP,,,,,,
7674000,13683010,Whirlbone lameness,,HIP,,,,,,
7674000,3964083015,Greater trochanteric pain syndrome,1,HIP,,,,,,
76865005,127619016,Closed fracture of distal phalanx of finger,1,FTB,,,,,,
76865005,1234036019,Closed fracture finger distal phalanx,,FTB,,,,,,
771083005,3704247012,Pain in upper arm,1,ARM,,,,,,
77493009,895411000006113,#Pelvis,,HIP,,,,,,
77493009,895441000006112,#Pelvis NOS,,HIP,,,,,,
77493009,128645011,Fracture of pelvis,1,HIP,,,,,,
77493009,990951000006116,#Pelvis NOS,,HIP,,,,,,
77493009,2478840012,Pelvic fracture,,HIP,,,,,,
77547008,1234126013,Intervertebral disc degeneration,,SPN,,,,,,
77547008,128728011,Degenerative disc disease,,SPN,,,,,,
77547008,128725014,Degeneration of intervertebral disc,1,SPN,,,,,,
78435003,990401000006111,Ganglion/synov.cyst - elbow,,UNS,,,,,,
78435003,991431000006112,Ganglion/synov.cyst - NOS,,UNS,,,,,,
78435003,130158018,Myxoid cyst,,UNS,,,,,,
78435003,3036281011,Ganglion cyst of joint,,UNS,,,,,,
78435003,1234252013,Mucous cyst of skin,,UNS,,,,,,
78435003,1064961000000111,Ganglion cyst,,UNS,,,,,,
78435003,990391000006114,Ganglion/synov.cyst - shoulder,,UNS,,,,,,
78435003,130158018,Ganglion of joint,1,UNS,,,,,,
78514002,503862017,Thigh pain,1,LEG,,,,,,
788465007,3781107014,Repetitive motion disorder,1,UNS,,,,,,
789758005,3793411015,Strain of rotator cuff of shoulder,1,SHD,,,,,,
80068009,132837018,Swelling of limb,1,LEG/ARM,,,,,,
80692000,133856018,Late effect of tendon injury,1,UNS,,,,,,
80756009,133953010,Closed fracture of patella,1,KNE,,,,,,
81498004,891091000006113,Bursitis - hip,,HIP,,,,,,
81498004,135200013,Bursitis of hip,1,HIP,,,,,,
81576005,1234601017,Closed fracture of phalanx of toe,,FOT/TOE,,,,,,
81576005,135325018,Closed fracture of toe,,FOT/TOE,,,,,,
81576005,135324019,Closed fracture of phalanx of foot,1,FOT/TOE,,,,,,
81680005,135490018,Painful neck,,NCK,,,,,,
81680005,1234624012,Neck ache,,NCK,,,,,,
81680005,1234623018,Cervical pain,,NCK,,,,,,
81680005,890951000006113,Cervicalgia,,NCK,,,,,,
81680005,1234622011,Nonspecific pain in the neck region,,NCK,,,,,,
81680005,135489010,Neck pain,1,NCK,,,,,,
81680005,135491019,Cervicalgia,,NCK,,,,,,
81902001,135862013,Sprain of medial collateral ligament of knee,1,KNE,,,,,,
81902001,896311000006110,Sprain - medial knee ligament,,KNE,,,,,,
82423001,136713011,Chronic pain,1,UNS,,,,,,
82675004,137151014,Popliteal cyst,,KNE,,,,,,
82675004,137150010,Baker's cyst,1,KNE,,,,,,
82991003,505377016,Generalised pain,,MSW,,,,,,
82991003,505378014,Generalized aches and pains,1,MSW,,,,,,
82991003,505375012,Generalized pain,,MSW,,,,,,
82991003,137651010,"[D]Pain, generalized",,MSW,,,,,,
82991003,505379018,Generalised body aches,,MSW,,,,,,
82991003,505376013,Generalised aches and pains,,MSW,,,,,,
82991003,137652015,Generalized body aches,,MSW,,,,,,
83561009,138587011,Spinal stenosis in cervical region,1,NCK,,,,,,
83561009,138588018,Cervical spinal stenosis,,NCK,,,,,,
84017003,139318017,Bursitis,1,UNS,,,,,,
84017003,1234890011,Inflammation of bursa,,UNS,,,,,,
84445001,890711000006114,Shoulder joint stiffness,,UNS,,,,,,
84445001,890731000006115,Wrist joint stiffness,,UNS,,,,,,
84445001,890751000006110,Hip joint stiffness,,UNS,,,,,,
84445001,890761000006112,Knee joint stiffness,,UNS,,,,,,
84445001,140028012,Joint stiffness,,UNS,,,,,,
84445001,1652501000000114,"Stiff joint, of unspecified site",,UNS,,,,,,
84445001,890771000006117,Ankle/foot joint stiffness,,UNS,,,,,,
84445001,890721000006118,Elbow joint stiffness,,UNS,,,,,,
84445001,890741000006113,Hand joint stiffness,,UNS,,,,,,
84445001,140029016,Stiff joint,,UNS,,,,,,
84869007,1638641000006119,Musculoskeletal symptom,,UNS,,,,,,
84869007,140720013,Musculoskeletal symptom,,UNS,,,,,,
85551004,141799013,Hypermobility syndrome,1,MSW,,,,,,
85551004,1235044011,Familial ligamentous laxity,,MSW,,,,,,
86380000,507071014,Claw toe - acquired,,TOE,,,,,,
86380000,507072019,Claw toe,,TOE,,,,,,
86380000,507070010,CT - Claw toe,,TOE,,,,,,
86380000,143254011,Claw foot,,TOE,,,,,,
86380000,143253017,Acquired claw toes,1,TOE,,,,,,
86380000,507074018,CT - Claw toe - acquired,,TOE,,,,,,
86380000,143255012,Gampsodactyly,,TOE,,,,,,
870206000,3968490010,Weber type A fracture,1,ANK ,,,,,,
870207009,3968491014,Weber type B fracture,1,ANK ,,,,,,
87778004,991391000006118,Sprain - hand NOS,,HND,,,,,,
87778004,507744019,Sprain of hand joint,,HND,,,,,,
87778004,2536480018,Sprain of ligament of hand,,HND,,,,,,
87778004,507743013,Hand sprain,,HND,,,,,,
87778004,990371000006113,Sprain - hand,,HND,,,,,,
87778004,201348017,Sprain of joint of hand,,HND,,,,,,
87778004,145530016,Sprain of hand,1,HND,,,,,,
8847002,508047017,Osteoarthritis of spine,,SPN,,,,,,
8847002,15604016,Spondylarthrosis,,SPN,,,,,,
8847002,508049019,OA - Osteoarthritis of spine,,SPN,,,,,,
8847002,15601012,Spondylosis,1,SPN,,,,,,
8847002,508048010,OA - Osteoarthritis of the spine,,SPN,,,,,,
8847002,508047017,Osteoarthritis spine,,SPN,,,,,,
8847002,1788208017,Spondarthropathy,,SPN,,,,,,
88998003,147565015,Osteophyma,,UNS,,,,,,
88998003,147564016,Bony spur,,UNS,,,,,,
88998003,147563010,Osteophyte,1,UNS,,,,,,
90460009,149923011,[X]Injuries to the neck,,NCK,,,,,,
90460009,149923011,Injury of neck,1,NCK,,,,,,
90460009,509010013,Neck injury,,NCK,,,,,,
906591000006102,906591000006118,[RFC] Soft tissue injuries,1,UNS,,,,,,
90834002,891901000006117,Pain in right arm,,ARM,,,,,,
90834002,150523019,Limb pain,,ARM,,,,,,
90834002,891911000006119,Pain in left arm,,ARM,,,,,,
90834002,891871000006117,Pain in limb NOS,,ARM,,,,,,
90834002,150521017,Pain in limb,1,ARM,,,,,,
91037003,150859016,Closed fracture of pelvis,1,HIP,,,,,,
926335004,4042968015,Rupture of rotator cuff of shoulder,1,SHD  ,,,,,,
928000,199324013,Disorder of musculoskeletal system,1,UNS,,,,,,
928000,1235770015,Musculoskeletal disorder,,UNS,,,,,,
928000,2634015,Other specified musculoskeletal disorders,,UNS,,,,,,
939761000006103,939761000006119,Musculoskeletal pain mild,1,UNS,,,,,,
9468002,511384012,Closed fracture of carpal bone,1,WRT/HND,,,,,,
9468002,16583010,Closed fracture of wrist,,WRT/HND,,,,,,
9468002,3298057018,Closed fracture of carpal bone of wrist,,WRT/HND,,,,,,
95414005,158048010,Calcific tendinitis,1,UNS,,,,,,
95854004,158775014,Goyrand's injury,,ELB,,,,,,
95854004,158773019,Nursemaids' elbow,,ELB,,,,,,
95854004,158772012,Pulled elbow,1,ELB,,,,,,
95854004,158774013,Malgaigne's luxation,,ELB,,,,,,
9682006,16926014,Fracture of scapula,1,SHD  ,,,,,,
9682006,895461000006111,#Scapula,,SHD  ,,,,,,
9682006,16929019,Fracture of shoulder blade,,SHD  ,,,,,,
9808005,1235997015,Closed fracture cuboid,,FOT,,,,,,
9808005,17136013,Closed fracture of cuboid bone of foot,1,FOT,,,,,,
1931871000006102,1931871000006118,Suspected fracture,1,UNS,,,,,,
